var lastNames = ["Abbott","Abbott-Beahan","Abernathy","Abernathy-Schmidt","Abshire","Adams","Altenwerth","Anderson","Ankunding","Armstrong","Auer","Aufderhar","Bahringer","Bailey","Balistreri","Barrows","Bartell","Bartell-Prosacco","Bartoletti","Barton","Bashirian","Bashirian-Miller","Batz","Batz-Auer","Bauch","Baumbach","Bayer","Beahan","Beahan-Wiegand","Beatty","Beatty-Parisian","Bechtelar","Bechtelar-Osinski","Becker","Bednar","Beer","Beier","Berge","Bergnaum","Bergstrom","Bergstrom-Doyle","Bernhard","Bernier","Bins","Blanda","Blick","Block","Bode","Bode-Anderson","Boehm","Boehm-Greenfelder","Bogan","Bogisich","Borer","Bosco","Botsford","Boyer","Boyle","Bradtke","Brakus","Braun","Breitenberg","Brekke","Brown","Bruen","Bruen-Dickens","Buckridge","Buckridge-Huels","Buckridge-Rosenbaum","Carroll","Carroll-Gottlieb","Carroll-Gutkowski","Carroll-Skiles","Carter","Cartwright","Casper","Casper-Moore","Cassin","Champlin","Christiansen","Christiansen-Rutherford","Christiansen-Schowalter","Cole","Collier","Collins","Conn","Connelly","Connelly-Gleason","Conroy","Conroy-Mosciski","Considine","Considine-Heller","Corkery","Corkery-Reichel","Cormier","Corwin","Cremin","Crist","Crona","Cronin","Crooks","Crooks-Bechtelar","Cruickshank","Cummerata","Cummings","Cummings-Jacobson","D'Amore","D'Amore-Dicki","Dach","Daniel","Dare","Dare-Heller","Daugherty","Davis","Davis-Stark","Deckow","Denesik","Dibbert","Dickens","Dickens-Ferry","Dickens-Gutkowski","Dickens-Hermann","Dicki","Dicki-Friesen","Dickinson","Dietrich","Donnelly","Dooley","Douglas","Doyle","Doyle-Farrell","DuBuque","DuBuque-Shanahan","Durgan","Ebert","Effertz","Emard","Emmerich","Emmerich-Mante","Erdman","Erdman-Zieme","Ernser","Ernser-Friesen","Fadel","Fahey","Fahey-Donnelly","Farrell","Fay","Feeney","Feest","Feil","Ferry","Fisher","Flatley","Flatley-McGlynn","Flatley-Ruecker","Frami","Franecki","Franey","Franey-Oberbrunner","Friesen","Friesen-Gusikowski","Fritsch","Funk","Gerhold","Gerhold-Jerde","Gerlach","Gibson","Gislason","Gleason","Gleichner","Glover","Goldner","Goldner-Collier","Goodwin","Gorczany","Gorczany-Feil","Gottlieb","Goyette","Goyette-McClure","Grady","Graham","Graham-Herzog","Grant","Green","Green-Kihn","Greenfelder","Greenfelder-Quitzon","Greenholt","Greenholt-Shanahan","Grimes","Grimes-Hamill","Gulgowski","Gusikowski","Gutkowski","Gutkowski-Torphy","Gutmann","Haag","Hackett","Hagenes","Hagenes-Bahringer","Hagenes-Sporer","Hahn","Hahn-Stracke","Haley","Halvorson","Halvorson-Rempel","Hamill","Hamill-Homenick","Hammes","Hand","Hane","Hane-Jakubowski","Hansen","Harber","Harber-Walker","Harris","Hartmann","Harvey","Hauck","Hayes","Heaney","Heathcote","Hegmann","Hegmann-Bode","Hegmann-Schaefer","Heidenreich","Heller","Herman","Hermann","Hermiston","Hermiston-Lemke","Herzog","Hessel","Hessel-Monahan","Hettinger","Hickle","Hilll","Hills","Hills-Pfeffer","Hilpert","Hintz","Hintz-Rath","Hirthe","Hirthe-Hahn","Hodkiewicz","Hoeger","Hoeger-Beahan","Homenick","Homenick-Sipes","Hoppe","Howe","Howe-Bashirian","Howell","Hudson","Hudson-Mante","Hudson-Stroman","Huel","Huels","Hyatt","Jacobi","Jacobs","Jacobson","Jakubowski","Jakubowski-Ernser","Jaskolski","Jaskolski-Wisozk","Jast","Jenkins","Jerde","Johns","Johns-Reilly","Johnson","Johnston","Jones","Jones-Osinski","Kassulke","Kassulke-Hammes","Kautzer","Kautzer-Collier","Keebler","Keeling","Keeling-Wuckert","Kemmer","Kerluke","Kerluke-O'Reilly","Kertzmann","Kessler","Kiehn","Kihn","Kilback","Kilback-Legros","King","Kirlin","Klein","Klein-Langosh","Kling","Klocko","Klocko-Hessel","Koch","Koelpin","Koepp","Kohler","Kohler-Schumm","Konopelski","Konopelski-Grady","Koss","Kovacek","Kozey","Kozey-Gerlach","Krajcik","Kreiger","Kreiger-Hickle","Kris","Kris-Pouros","Kshlerin","Kub","Kuhic","Kuhlman","Kuhn","Kulas","Kunde","Kunze","Kuphal","Kuphal-Bashirian","Kuphal-O'Hara","Kutch","Kutch-Quitzon","Kuvalis","Labadie","Labadie-Hintz","Lakin","Lakin-Ziemann","Lang","Langosh","Langworth","Larkin","Larkin-Schinner","Larkin-Schulist","Larson","Leannon","Lebsack","Ledner","Leffler","Legros","Lehner","Lehner-Mertz","Lehner-Tromp","Lemke","Lesch","Leuschke","Lind","Lindgren","Littel","Little","Lockman","Lockman-Rutherford","Lockman-Wintheiser","Lowe","Lowe-Mitchell","Lubowitz","Lueilwitz","Luettgen","Lynch","MacGyver","Macejkovic","Maggio","Maggio-Blick","Maggio-Wisozk","Mann","Mante","Mante-O'Reilly","Marks","Marks-Torp","Marquardt","Marvin","Mayer","Mayert","McClure","McCullough","McCullough-Kreiger","McDermott","McGlynn","McGlynn-Parisian","McKenzie","McLaughlin","McLaughlin-Windler","Medhurst","Mertz","Mertz-Green","Metz","Miller","Mills","Mitchell","Mitchell-Bauch","Mitchell-Langworth","Mitchell-Leffler","Moen","Mohr","Mohr-Muller","Monahan","Monahan-Morar","Moore","Moore-Schinner","Morar","Morar-Littel","Morissette","Mosciski","Mosciski-Mante","Mraz","Mueller","Muller","Murazik","Murphy","Murray","Nader","Nicolas","Nienow","Nienow-Torphy","Nikolaus","Nitzsche","Nolan","Nolan-Klocko","O'Connell","O'Conner","O'Hara","O'Keefe","O'Kon","O'Kon-Kerluke","O'Reilly","Oberbrunner","Oberbrunner-Kihn","Okuneva","Olson","Ondricka","Orn","Orn-Dicki","Ortiz","Osinski","Osinski-Koepp","Pacocha","Pacocha-Cummerata","Padberg","Pagac","Pagac-D'Amore","Parisian","Parker","Parker-Borer","Paucek","Paucek-Batz","Paucek-Sipes","Pfannerstill","Pfannerstill-Connelly","Pfeffer","Pfeffer-Wuckert","Pollich","Pouros","Pouros-Rogahn","Powlowski","Powlowski-Kirlin","Predovic","Price","Prohaska","Prosacco","Purdy","Purdy-Dibbert","Purdy-Hand","Quigley","Quitzon","Rath","Rath-Abernathy","Rath-Roob","Ratke","Rau","Raynor","Reichel","Reichert","Reichert-Morar","Reilly","Reinger","Rempel-Mante","Rempel-Torp","Renner","Renner-Ernser","Reynolds","Reynolds-Haag","Rice","Rice-Ritchie","Rippin","Ritchie","Ritchie-Hermann","Robel","Robel-Buckridge","Robel-Reichert","Roberts","Rodriguez","Rogahn","Rohan","Rohan-Mertz","Rolfson","Rolfson-Crist","Romaguera","Roob","Rosenbaum","Rosenbaum-Jenkins","Rowe","Ruecker","Runolfsdottir","Runolfsson","Runte","Russel","Rutherford","Ryan","Ryan-Marks","Sanford","Sanford-Cummerata","Satterfield","Satterfield-Haley","Sauer","Sawayn","Schaden","Schaden-Swift","Schaefer","Schaefer-Stokes","Schamberger","Schiller","Schiller-Yost","Schimmel","Schimmel-Sawayn","Schinner","Schmeler","Schmidt","Schmitt","Schneider","Schneider-Rippin","Schoen","Schoen-Hayes","Schoen-Jerde","Schoen-Mitchell","Schowalter","Schroeder","Schroeder-Strosin","Schulist","Schultz","Schumm","Schuppe","Schuster","Schuster-Schroeder","Senger","Senger-Kirlin","Shanahan","Shields","Shields-Champlin","Simonis","Sipes","Skiles","Smith","Smitham","Spencer","Spinka","Sporer","Sporer-Lakin","Stamm","Stanton","Stark","Stark-Price","Stehr","Steuber","Stiedemann","Stokes","Stoltenberg","Stracke","Stracke-Wiegand","Streich","Stroman","Strosin","Swaniawski","Swift","Terry","Thiel","Thompson","Tillman","Torp","Torp-Mann","Torphy","Towne","Toy","Trantow","Tremblay","Treutel","Tromp","Tromp-Price","Turcotte","Turner","Ullrich","Upton","Vandervort","Veum","Volkman","Von","Von-Kris","VonRueden","Waelchi","Walker","Walsh","Walsh-Rohan","Walter","Ward","Waters","Waters-Price","Watsica","Watsica-Mitchell","Watsica-Walter","Weber","Wehner","Weimann","Weissnat","Welch","West","White","Wiegand","Wilderman","Wilkinson","Will","Williamson","Willms","Willms-Krajcik","Willms-Stroman","Windler","Windler-Koelpin","Wintheiser","Wisoky","Wisozk","Witting","Wiza","Wiza-Beier","Wiza-Quigley","Wolf","Wolff","Wuckert","Wunsch","Wunsch-McLaughlin","Wyman","Yost","Yost-Goyette","Yundt","Zboncak","Zboncak-Jenkins","Zemlak","Zemlak-Botsford","Ziemann","Zieme","Zieme-Blick","Zieme-Casper","Zulauf"];
var femaleNames =  ["Ada","Adrienne","Agnes","Alberta","Alexandra","Alexis","Alice","Alicia","Alison","Allison","Alma","Alyssa","Amanda","Amber","Amy","Ana","Andrea","Angelica","Angelina","Anita","Ann","Anna","Anne","Annette","Annie","Antonia","Arlene","Ashley","Beatrice","Becky","Belinda","Bernice","Bertha","Beth","Bethany","Betsy","Betty","Beulah","Beverly","Billie","Blanca","Blanche","Bobbie","Bonnie","Brandi","Brandy","Brenda","Bridget","Brittany","Brooke","Camille","Candace","Candice","Carla","Carmen","Carole","Caroline","Carrie","Casey","Cassandra","Catherine","Cathy","Cecelia","Cecilia","Celia","Charlene","Charlotte","Chelsea","Cheryl","Christina","Christine","Christy","Claire","Clara","Claudia","Connie","Constance","Cora","Courtney","Cristina","Crystal","Cynthia","Dana","Danielle","Darla","Darlene","Dawn","Deanna","Debbie","Deborah","Debra","Della","Delores","Denise","Desiree","Diana","Diane","Dianna","Dianne","Donna","Dora","Doreen","Doris","Dorothy","Ebony","Edith","Edna","Eileen","Elaine","Eleanor","Elena","Elisa","Elizabeth","Ella","Eloise","Elsa","Elsie","Elvira","Emily","Erica","Erika","Erin","Erma","Ernestine","Essie","Estelle","Esther","Ethel","Eula","Eunice","Eva","Evelyn","Faith","Fannie","Faye","Flora","Florence","Frances","Francis","Freda","Gail","Gayle","Geneva","Georgia","Gina","Ginger","Gladys","Glenda","Gloria","Gretchen","Guadalupe","Gwendolyn","Hannah","Harriet","Hattie","Hazel","Heidi","Helen","Henrietta","Hilda","Holly","Hope","Ida","Inez","Irene","Iris","Irma","Jackie","Jacqueline","Jacquelyn","Jaime","Jamie","Jan","Jana","Jane","Janet","Janie","Janis","Jasmine","Jean","Jeanne","Jeannie","Jenna","Jennie","Jennifer","Jenny","Jessie","Jill","Jo","Joan","Joann","Joanna","Jodi","Jody","Johanna","Johnnie","Josefina","Joy","Joyce","Juana","Judith","Judy","Julie","June","Kara","Karen","Kari","Karla","Kate","Katherine","Kathleen","Kathryn","Kathy","Katie","Katrina","Kayla","Kelley","Kelli","Kellie","Kelly","Kerry","Kim","Kimberly","Krista","Kristen","Kristi","Kristie","Kristin","Kristina","Kristine","Latoya","Laura","Lauren","Laurie","Laverne","Leah","Lee","Leigh","Lela","Leona","Leslie","Leticia","Lila","Lillian","Lillie","Linda","Lindsay","Lindsey","Lisa","Lois","Lola","Lora","Lorena","Lorene","Loretta","Lori","Lorraine","Louise","Lucia","Lucille","Lucy","Lula","Luz","Lydia","Lynda","Lynette","Lynn","Lynne","Mabel","Madeline","Mae","Maggie","Mamie","Mandy","Marcia","Margaret","Margarita","Margie","Marguerite","Maria","Marian","Marianne","Marie","Marilyn","Marion","Marlene","Marsha","Marta","Martha","Mary","Maryann","Mattie","Maureen","May","Megan","Meghan","Melanie","Melba","Melissa","Melody","Mercedes","Meredith","Michele","Michelle","Mildred","Minnie","Miriam","Misty","Molly","Mona","Monica","Monique","Myra","Myrtle","Nadine","Nancy","Naomi","Natalie","Natasha","Nellie","Nichole","Nicole","Nina","Nora","Norma","Olga","Olive","Ollie","Opal","Ora","Pam","Pamela","Pat","Patricia","Patti","Patty","Paula","Paulette","Pauline","Pearl","Peggy","Penny","Phyllis","Priscilla","Rachel","Ramona","Raquel","Rebecca","Regina","Renee","Rhonda","Rita","Robyn","Rosa","Rose","Rosemarie","Ruby","Sabrina","Sadie","Samantha","Sandra","Sandy","Sara","Sarah","Shari","Sharon","Shawna","Sheila","Shelley","Sheri","Sherry","Sheryl","Shirley","Silvia","Sonja","Sophia","Stacey","Stacy","Stella","Stephanie","Sue","Susan","Susie","Sylvia","Tabitha","Tamara","Tami","Tammy","Tanya","Tara","Tasha","Teresa","Teri","Terri","Terry","Theresa","Tiffany","Tina","Tonya","Tracey","Traci","Tracy","Tricia","Valerie","Vanessa","Velma","Vera","Verna","Veronica","Vicki","Vickie","Vicky","Victoria","Violet","Wanda","Wendy","Whitney","Willie","Wilma","Winifred","Yolanda","Yvette","Yvonne"];
var maleNames = ["Abel","Abraham","Adam","Al","Alan","Alberto","Alejandro","Alex","Alexander","Alfonso","Alfred","Alfredo","Allan","Allen","Alonzo","Alton","Alvin","Amos","Andre","Andres","Angel","Angelo","Anthony","Archie","Arnold","Arturo","Austin","Barry","Ben","Benjamin","Bennie","Benny","Bernard","Bert","Bill","Billy","Bob","Bobby","Boyd","Brad","Bradley","Brendan","Brent","Brian","Bruce","Bryan","Bryant","Caleb","Calvin","Cameron","Carl","Carlos","Carlton","Casey","Cecil","Cedric","Cesar","Chad","Charles","Charlie","Christian","Christopher","Clarence","Clark","Clifford","Clifton","Clint","Clinton","Clyde","Colin","Conrad","Cornelius","Cory","Courtney","Craig","Curtis","Dale","Dallas","Damon","Dan","Dana","Daniel","Darin","Darnell","Darrel","Darren","Darrin","Daryl","Dave","David","Dean","Delbert","Derek","Derrick","Devin","Dewey","Dexter","Dominic","Dominick","Don","Donald","Donnie","Doug","Douglas","Drew","Duane","Dwayne","Dwight","Earl","Earnest","Ed","Eddie","Edmond","Edmund","Eduardo","Edward","Edwin","Elbert","Elias","Ellis","Elmer","Emilio","Emmett","Enrique","Eric","Erick","Erik","Ernest","Ernesto","Ervin","Eugene","Everett","Felipe","Fernando","Forrest","Francisco","Frank","Frankie","Franklin","Fred","Freddie","Frederick","Gabriel","Garrett","Gary","Gene","Geoffrey","Gerald","Gerard","Gerardo","Gilbert","Gilberto","Gordon","Grady","Grant","Greg","Gregg","Guillermo","Gustavo","Harold","Harry","Hector","Hubert","Hugh","Hugo","Ian","Ignacio","Irving","Isaac","Ismael","Israel","Ivan","Jack","Jackie","Jacob","Jake","James","Jan","Jared","Jason","Javier","Jean","Jeff","Jeffrey","Jerald","Jeremiah","Jeremy","Jermaine","Jerome","Jerry","Jesse","Jesus","Jimmie","Jimmy","Jody","Joel","Joey","Johnathan","Johnnie","Johnny","Jon","Jonathan","Jonathon","Jordan","Jorge","Jose","Josh","Joshua","Juan","Julian","Julio","Julius","Karl","Kelly","Kelvin","Ken","Kenneth","Kenny","Kerry","Kevin","Kim","Kirk","Kristopher","Kyle","Lamar","Lance","Larry","Laurence","Lawrence","Lee","Leland","Leo","Leon","Leonard","Leroy","Leslie","Lester","Levi","Lewis","Lionel","Lloyd","Lonnie","Loren","Lorenzo","Louis","Lowell","Lucas","Luis","Luke","Luther","Lyle","Mack","Malcolm","Manuel","Marc","Marco","Marcus","Mario","Marion","Mark","Marlon","Marshall","Martin","Marty","Mathew","Matt","Matthew","Maurice","Max","Merle","Michael","Micheal","Miguel","Mike","Milton","Mitchell","Morris","Moses","Myron","Nathan","Nathaniel","Neal","Neil","Nelson","Nicholas","Nick","Nicolas","Norman","Omar","Orlando","Orville","Oscar","Otis","Owen","Pablo","Pat","Patrick","Paul","Pedro","Percy","Perry","Pete","Peter","Phil","Philip","Preston","Rafael","Ralph","Ramiro","Ramon","Randal","Randall","Randolph","Randy","Raul","Raymond","Reginald","Rex","Ricardo","Richard","Rick","Rickey","Ricky","Robert","Roberto","Robin","Rodney","Rodolfo","Rogelio","Roger","Roland","Rolando","Roman","Ron","Ronald","Roosevelt","Ross","Ruben","Rudolph","Rudy","Rufus","Russell","Salvador","Salvatore","Sam","Sammy","Samuel","Santos","Saul","Sean","Sergio","Seth","Shane","Shannon","Shaun","Shawn","Sheldon","Sherman","Sidney","Spencer","Stephen","Steven","Stewart","Stuart","Sylvester","Taylor","Ted","Terence","Terrance","Terrell","Terrence","Terry","Theodore","Thomas","Tim","Timmy","Timothy","Toby","Todd","Tomas","Tommie","Tommy","Tracy","Travis","Trevor","Troy","Tyler","Tyrone","Vernon","Victor","Virgil","Wade","Walter","Warren","Wendell","Wilbert","Wilbur","Wilfred","William","Willie","Willis","Wilson","Winston","Wm","Woodrow","Zachary"];